<!--xml version="1.0" encoding="UTF-8"-->
<!--Tulloch Lake, Temperature Plot Defaults-->
<Objects>
	<Object>
		<Type>ProfilePlot</Type>
		<XLims>
			<min>30</min>
			<max>90</max>
		</XLims>
		<ylims>
			<min>300</min>
			<max>550</max>
		</ylims>
		<xticks>
			<spacing>10</spacing>
		</xticks>	
		<yticks>
			<spacing>50</spacing>
		</yticks>		
	</Object>
	<Object>
		<Type>TimeSeriesPlot</Type>
		<ylims>
			<min>40</min>
			<max>75</max>
		</ylims>
		<yticks>
			<spacing>5</spacing>
		</yticks>
	</Object>
</Objects>